depth_percent	n_samples	mean_flagstat_mapped	mean_idxstats_mapped	mean_mapped_diff	mean_mapped_diff_pct	sd_mapped_diff_pct	min_mapped_diff_pct	max_mapped_diff_pct
10	3	9291613.0	9291613.0	0.0	0.0	0.0	0.0	0.0
20	3	18585336.666666668	18585336.666666668	0.0	0.0	0.0	0.0	0.0
30	3	27878534.666666668	27878534.666666668	0.0	0.0	0.0	0.0	0.0
40	3	37174918.0	37174918.0	0.0	0.0	0.0	0.0	0.0
50	3	46469421.333333336	46469421.333333336	0.0	0.0	0.0	0.0	0.0
60	3	55763827.666666664	55763827.666666664	0.0	0.0	0.0	0.0	0.0
70	3	65057337.333333336	65057337.333333336	0.0	0.0	0.0	0.0	0.0
80	3	74350424.0	74350424.0	0.0	0.0	0.0	0.0	0.0
90	3	83645806.33333333	83645806.33333333	0.0	0.0	0.0	0.0	0.0
